observability_id,parameter,value,baseline_value,repeat_index,scenario_label,parameter_drift,successful_transitions,replay_equivalent,runtime_event_count,final_activation,state_consistency,timestamp,observations
phase_i:1:activation_threshold:0.1,activation_threshold,0.1,0.2,1,repeat_1,0.1,1,True,1,0.4,1.0,2026-07-14T16:31:23.455685+00:00,"['activation_threshold=0.1', 'transition_success=True', 'final_activation=0.4']"
phase_i:1:activation_threshold:0.15,activation_threshold,0.15,0.2,1,repeat_1,0.05000000000000002,1,True,1,0.4,1.0,2026-07-14T16:31:23.455777+00:00,"['activation_threshold=0.15', 'transition_success=True', 'final_activation=0.4']"
phase_i:1:activation_threshold:0.2,activation_threshold,0.2,0.2,1,repeat_1,0.0,1,True,1,0.4,1.0,2026-07-14T16:31:23.455829+00:00,"['activation_threshold=0.2', 'transition_success=True', 'final_activation=0.4']"
phase_i:1:activation_threshold:0.25,activation_threshold,0.25,0.2,1,repeat_1,0.04999999999999999,1,True,1,0.4,1.0,2026-07-14T16:31:23.455873+00:00,"['activation_threshold=0.25', 'transition_success=True', 'final_activation=0.4']"
phase_i:1:activation_threshold:0.3,activation_threshold,0.3,0.2,1,repeat_1,0.09999999999999998,1,True,1,0.4,1.0,2026-07-14T16:31:23.455913+00:00,"['activation_threshold=0.3', 'transition_success=True', 'final_activation=0.4']"
phase_i:1:activation_threshold:0.35,activation_threshold,0.35,0.2,1,repeat_1,0.14999999999999997,1,True,1,0.4,1.0,2026-07-14T16:31:23.455950+00:00,"['activation_threshold=0.35', 'transition_success=True', 'final_activation=0.4']"
phase_i:1:activation_threshold:0.4,activation_threshold,0.4,0.2,1,repeat_1,0.2,1,True,1,0.4,1.0,2026-07-14T16:31:23.455986+00:00,"['activation_threshold=0.4', 'transition_success=True', 'final_activation=0.4']"
phase_i:1:activation_threshold:0.45,activation_threshold,0.45,0.2,1,repeat_1,0.25,1,True,1,0.45,1.0,2026-07-14T16:31:23.456019+00:00,"['activation_threshold=0.45', 'transition_success=True', 'final_activation=0.45']"
phase_i:1:activation_threshold:0.5,activation_threshold,0.5,0.2,1,repeat_1,0.3,1,True,1,0.5,1.0,2026-07-14T16:31:23.456052+00:00,"['activation_threshold=0.5', 'transition_success=True', 'final_activation=0.5']"
phase_i:1:activation_threshold:0.55,activation_threshold,0.55,0.2,1,repeat_1,0.35000000000000003,1,True,1,0.55,1.0,2026-07-14T16:31:23.456085+00:00,"['activation_threshold=0.55', 'transition_success=True', 'final_activation=0.55']"
phase_i:1:activation_threshold:0.6,activation_threshold,0.6,0.2,1,repeat_1,0.39999999999999997,1,True,1,0.6,1.0,2026-07-14T16:31:23.456118+00:00,"['activation_threshold=0.6', 'transition_success=True', 'final_activation=0.6']"
phase_i:1:activation_threshold:0.65,activation_threshold,0.65,0.2,1,repeat_1,0.45,1,True,1,0.65,1.0,2026-07-14T16:31:23.456153+00:00,"['activation_threshold=0.65', 'transition_success=True', 'final_activation=0.65']"
phase_i:1:activation_threshold:0.7,activation_threshold,0.7,0.2,1,repeat_1,0.49999999999999994,1,True,1,0.7,1.0,2026-07-14T16:31:23.456185+00:00,"['activation_threshold=0.7', 'transition_success=True', 'final_activation=0.7']"
phase_i:1:activation_threshold:0.75,activation_threshold,0.75,0.2,1,repeat_1,0.55,1,True,1,0.75,1.0,2026-07-14T16:31:23.456217+00:00,"['activation_threshold=0.75', 'transition_success=True', 'final_activation=0.75']"
phase_i:1:activation_threshold:0.8,activation_threshold,0.8,0.2,1,repeat_1,0.6000000000000001,1,True,1,0.8,1.0,2026-07-14T16:31:23.456250+00:00,"['activation_threshold=0.8', 'transition_success=True', 'final_activation=0.8']"
phase_i:1:activation_threshold:0.85,activation_threshold,0.85,0.2,1,repeat_1,0.6499999999999999,1,True,1,0.85,1.0,2026-07-14T16:31:23.456283+00:00,"['activation_threshold=0.85', 'transition_success=True', 'final_activation=0.85']"
phase_i:1:activation_threshold:0.9,activation_threshold,0.9,0.2,1,repeat_1,0.7,1,True,1,0.9,1.0,2026-07-14T16:31:23.456314+00:00,"['activation_threshold=0.9', 'transition_success=True', 'final_activation=0.9']"
phase_i:1:recovery_min_evidence:1,recovery_min_evidence,1,2,1,repeat_1,1.0,1,True,1,0.8,1.0,2026-07-14T16:31:23.456445+00:00,"['recovery_min_evidence=1', 'transition_success=True', 'evidence_usage_count=1']"
phase_i:1:recovery_min_evidence:2,recovery_min_evidence,2,2,1,repeat_1,0.0,1,True,1,0.8,1.0,2026-07-14T16:31:23.456502+00:00,"['recovery_min_evidence=2', 'transition_success=True', 'evidence_usage_count=2']"
phase_i:1:recovery_min_evidence:3,recovery_min_evidence,3,2,1,repeat_1,1.0,1,True,1,0.8,1.0,2026-07-14T16:31:23.456547+00:00,"['recovery_min_evidence=3', 'transition_success=True', 'evidence_usage_count=3']"
phase_i:1:recovery_min_evidence:4,recovery_min_evidence,4,2,1,repeat_1,2.0,1,True,1,0.8,1.0,2026-07-14T16:31:23.456589+00:00,"['recovery_min_evidence=4', 'transition_success=True', 'evidence_usage_count=4']"
phase_i:1:recovery_min_evidence:5,recovery_min_evidence,5,2,1,repeat_1,3.0,1,True,1,0.8,1.0,2026-07-14T16:31:23.456631+00:00,"['recovery_min_evidence=5', 'transition_success=True', 'evidence_usage_count=5']"
phase_i:1:preserve_evidence:true,preserve_evidence,True,True,1,repeat_1,0.0,1,True,1,0.1,1.0,2026-07-14T16:31:23.456944+00:00,"['preserve_evidence=True', 'transition_success=True', 'evidence_record_count=3', 'audit_completeness_score=1.0']"
phase_i:1:preserve_evidence:false,preserve_evidence,False,True,1,repeat_1,1.0,1,True,1,0.1,1.0,2026-07-14T16:31:23.457146+00:00,"['preserve_evidence=False', 'transition_success=True', 'evidence_record_count=0', 'audit_completeness_score=0.0']"
phase_i:1:archive_relations:false,archive_relations,False,True,1,repeat_1,1.0,1,True,1,0.1,1.0,2026-07-14T16:31:23.457503+00:00,"['archive_relations=False', 'transition_success=True', 'archive_refs=0', 'conflict_verification_status=partial', 'state_transition_equivalence=True']"
phase_i:1:archive_relations:true,archive_relations,True,True,1,repeat_1,0.0,1,True,1,0.1,1.0,2026-07-14T16:31:23.457744+00:00,"['archive_relations=True', 'transition_success=True', 'archive_refs=2', 'conflict_verification_status=verified', 'state_transition_equivalence=True']"
phase_i:2:activation_threshold:0.1,activation_threshold,0.1,0.2,2,repeat_2,0.1,1,True,1,0.4,1.0,2026-07-14T16:31:23.457926+00:00,"['activation_threshold=0.1', 'transition_success=True', 'final_activation=0.4']"
phase_i:2:activation_threshold:0.15,activation_threshold,0.15,0.2,2,repeat_2,0.05000000000000002,1,True,1,0.4,1.0,2026-07-14T16:31:23.457964+00:00,"['activation_threshold=0.15', 'transition_success=True', 'final_activation=0.4']"
phase_i:2:activation_threshold:0.2,activation_threshold,0.2,0.2,2,repeat_2,0.0,1,True,1,0.4,1.0,2026-07-14T16:31:23.457998+00:00,"['activation_threshold=0.2', 'transition_success=True', 'final_activation=0.4']"
phase_i:2:activation_threshold:0.25,activation_threshold,0.25,0.2,2,repeat_2,0.04999999999999999,1,True,1,0.4,1.0,2026-07-14T16:31:23.458031+00:00,"['activation_threshold=0.25', 'transition_success=True', 'final_activation=0.4']"
phase_i:2:activation_threshold:0.3,activation_threshold,0.3,0.2,2,repeat_2,0.09999999999999998,1,True,1,0.4,1.0,2026-07-14T16:31:23.458064+00:00,"['activation_threshold=0.3', 'transition_success=True', 'final_activation=0.4']"
phase_i:2:activation_threshold:0.35,activation_threshold,0.35,0.2,2,repeat_2,0.14999999999999997,1,True,1,0.4,1.0,2026-07-14T16:31:23.458096+00:00,"['activation_threshold=0.35', 'transition_success=True', 'final_activation=0.4']"
phase_i:2:activation_threshold:0.4,activation_threshold,0.4,0.2,2,repeat_2,0.2,1,True,1,0.4,1.0,2026-07-14T16:31:23.458128+00:00,"['activation_threshold=0.4', 'transition_success=True', 'final_activation=0.4']"
phase_i:2:activation_threshold:0.45,activation_threshold,0.45,0.2,2,repeat_2,0.25,1,True,1,0.45,1.0,2026-07-14T16:31:23.458159+00:00,"['activation_threshold=0.45', 'transition_success=True', 'final_activation=0.45']"
phase_i:2:activation_threshold:0.5,activation_threshold,0.5,0.2,2,repeat_2,0.3,1,True,1,0.5,1.0,2026-07-14T16:31:23.458191+00:00,"['activation_threshold=0.5', 'transition_success=True', 'final_activation=0.5']"
phase_i:2:activation_threshold:0.55,activation_threshold,0.55,0.2,2,repeat_2,0.35000000000000003,1,True,1,0.55,1.0,2026-07-14T16:31:23.458225+00:00,"['activation_threshold=0.55', 'transition_success=True', 'final_activation=0.55']"
phase_i:2:activation_threshold:0.6,activation_threshold,0.6,0.2,2,repeat_2,0.39999999999999997,1,True,1,0.6,1.0,2026-07-14T16:31:23.458257+00:00,"['activation_threshold=0.6', 'transition_success=True', 'final_activation=0.6']"
phase_i:2:activation_threshold:0.65,activation_threshold,0.65,0.2,2,repeat_2,0.45,1,True,1,0.65,1.0,2026-07-14T16:31:23.458288+00:00,"['activation_threshold=0.65', 'transition_success=True', 'final_activation=0.65']"
phase_i:2:activation_threshold:0.7,activation_threshold,0.7,0.2,2,repeat_2,0.49999999999999994,1,True,1,0.7,1.0,2026-07-14T16:31:23.458322+00:00,"['activation_threshold=0.7', 'transition_success=True', 'final_activation=0.7']"
phase_i:2:activation_threshold:0.75,activation_threshold,0.75,0.2,2,repeat_2,0.55,1,True,1,0.75,1.0,2026-07-14T16:31:23.458354+00:00,"['activation_threshold=0.75', 'transition_success=True', 'final_activation=0.75']"
phase_i:2:activation_threshold:0.8,activation_threshold,0.8,0.2,2,repeat_2,0.6000000000000001,1,True,1,0.8,1.0,2026-07-14T16:31:23.458385+00:00,"['activation_threshold=0.8', 'transition_success=True', 'final_activation=0.8']"
phase_i:2:activation_threshold:0.85,activation_threshold,0.85,0.2,2,repeat_2,0.6499999999999999,1,True,1,0.85,1.0,2026-07-14T16:31:23.458416+00:00,"['activation_threshold=0.85', 'transition_success=True', 'final_activation=0.85']"
phase_i:2:activation_threshold:0.9,activation_threshold,0.9,0.2,2,repeat_2,0.7,1,True,1,0.9,1.0,2026-07-14T16:31:23.458447+00:00,"['activation_threshold=0.9', 'transition_success=True', 'final_activation=0.9']"
phase_i:2:recovery_min_evidence:1,recovery_min_evidence,1,2,2,repeat_2,1.0,1,True,1,0.8,1.0,2026-07-14T16:31:23.458568+00:00,"['recovery_min_evidence=1', 'transition_success=True', 'evidence_usage_count=1']"
phase_i:2:recovery_min_evidence:2,recovery_min_evidence,2,2,2,repeat_2,0.0,1,True,1,0.8,1.0,2026-07-14T16:31:23.458614+00:00,"['recovery_min_evidence=2', 'transition_success=True', 'evidence_usage_count=2']"
phase_i:2:recovery_min_evidence:3,recovery_min_evidence,3,2,2,repeat_2,1.0,1,True,1,0.8,1.0,2026-07-14T16:31:23.458656+00:00,"['recovery_min_evidence=3', 'transition_success=True', 'evidence_usage_count=3']"
phase_i:2:recovery_min_evidence:4,recovery_min_evidence,4,2,2,repeat_2,2.0,1,True,1,0.8,1.0,2026-07-14T16:31:23.458696+00:00,"['recovery_min_evidence=4', 'transition_success=True', 'evidence_usage_count=4']"
phase_i:2:recovery_min_evidence:5,recovery_min_evidence,5,2,2,repeat_2,3.0,1,True,1,0.8,1.0,2026-07-14T16:31:23.458736+00:00,"['recovery_min_evidence=5', 'transition_success=True', 'evidence_usage_count=5']"
phase_i:2:preserve_evidence:true,preserve_evidence,True,True,2,repeat_2,0.0,1,True,1,0.1,1.0,2026-07-14T16:31:23.458922+00:00,"['preserve_evidence=True', 'transition_success=True', 'evidence_record_count=3', 'audit_completeness_score=1.0']"
phase_i:2:preserve_evidence:false,preserve_evidence,False,True,2,repeat_2,1.0,1,True,1,0.1,1.0,2026-07-14T16:31:23.459075+00:00,"['preserve_evidence=False', 'transition_success=True', 'evidence_record_count=0', 'audit_completeness_score=0.0']"
phase_i:2:archive_relations:false,archive_relations,False,True,2,repeat_2,1.0,1,True,1,0.1,1.0,2026-07-14T16:31:23.459301+00:00,"['archive_relations=False', 'transition_success=True', 'archive_refs=0', 'conflict_verification_status=partial', 'state_transition_equivalence=True']"
phase_i:2:archive_relations:true,archive_relations,True,True,2,repeat_2,0.0,1,True,1,0.1,1.0,2026-07-14T16:31:23.459509+00:00,"['archive_relations=True', 'transition_success=True', 'archive_refs=2', 'conflict_verification_status=verified', 'state_transition_equivalence=True']"
phase_i:3:activation_threshold:0.1,activation_threshold,0.1,0.2,3,repeat_3,0.1,1,True,1,0.4,1.0,2026-07-14T16:31:23.459674+00:00,"['activation_threshold=0.1', 'transition_success=True', 'final_activation=0.4']"
phase_i:3:activation_threshold:0.15,activation_threshold,0.15,0.2,3,repeat_3,0.05000000000000002,1,True,1,0.4,1.0,2026-07-14T16:31:23.459711+00:00,"['activation_threshold=0.15', 'transition_success=True', 'final_activation=0.4']"
phase_i:3:activation_threshold:0.2,activation_threshold,0.2,0.2,3,repeat_3,0.0,1,True,1,0.4,1.0,2026-07-14T16:31:23.459745+00:00,"['activation_threshold=0.2', 'transition_success=True', 'final_activation=0.4']"
phase_i:3:activation_threshold:0.25,activation_threshold,0.25,0.2,3,repeat_3,0.04999999999999999,1,True,1,0.4,1.0,2026-07-14T16:31:23.459777+00:00,"['activation_threshold=0.25', 'transition_success=True', 'final_activation=0.4']"
phase_i:3:activation_threshold:0.3,activation_threshold,0.3,0.2,3,repeat_3,0.09999999999999998,1,True,1,0.4,1.0,2026-07-14T16:31:23.459808+00:00,"['activation_threshold=0.3', 'transition_success=True', 'final_activation=0.4']"
phase_i:3:activation_threshold:0.35,activation_threshold,0.35,0.2,3,repeat_3,0.14999999999999997,1,True,1,0.4,1.0,2026-07-14T16:31:23.459842+00:00,"['activation_threshold=0.35', 'transition_success=True', 'final_activation=0.4']"
phase_i:3:activation_threshold:0.4,activation_threshold,0.4,0.2,3,repeat_3,0.2,1,True,1,0.4,1.0,2026-07-14T16:31:23.459874+00:00,"['activation_threshold=0.4', 'transition_success=True', 'final_activation=0.4']"
phase_i:3:activation_threshold:0.45,activation_threshold,0.45,0.2,3,repeat_3,0.25,1,True,1,0.45,1.0,2026-07-14T16:31:23.459905+00:00,"['activation_threshold=0.45', 'transition_success=True', 'final_activation=0.45']"
phase_i:3:activation_threshold:0.5,activation_threshold,0.5,0.2,3,repeat_3,0.3,1,True,1,0.5,1.0,2026-07-14T16:31:23.459937+00:00,"['activation_threshold=0.5', 'transition_success=True', 'final_activation=0.5']"
phase_i:3:activation_threshold:0.55,activation_threshold,0.55,0.2,3,repeat_3,0.35000000000000003,1,True,1,0.55,1.0,2026-07-14T16:31:23.459969+00:00,"['activation_threshold=0.55', 'transition_success=True', 'final_activation=0.55']"
phase_i:3:activation_threshold:0.6,activation_threshold,0.6,0.2,3,repeat_3,0.39999999999999997,1,True,1,0.6,1.0,2026-07-14T16:31:23.460000+00:00,"['activation_threshold=0.6', 'transition_success=True', 'final_activation=0.6']"
phase_i:3:activation_threshold:0.65,activation_threshold,0.65,0.2,3,repeat_3,0.45,1,True,1,0.65,1.0,2026-07-14T16:31:23.460034+00:00,"['activation_threshold=0.65', 'transition_success=True', 'final_activation=0.65']"
phase_i:3:activation_threshold:0.7,activation_threshold,0.7,0.2,3,repeat_3,0.49999999999999994,1,True,1,0.7,1.0,2026-07-14T16:31:23.460067+00:00,"['activation_threshold=0.7', 'transition_success=True', 'final_activation=0.7']"
phase_i:3:activation_threshold:0.75,activation_threshold,0.75,0.2,3,repeat_3,0.55,1,True,1,0.75,1.0,2026-07-14T16:31:23.460099+00:00,"['activation_threshold=0.75', 'transition_success=True', 'final_activation=0.75']"
phase_i:3:activation_threshold:0.8,activation_threshold,0.8,0.2,3,repeat_3,0.6000000000000001,1,True,1,0.8,1.0,2026-07-14T16:31:23.460131+00:00,"['activation_threshold=0.8', 'transition_success=True', 'final_activation=0.8']"
phase_i:3:activation_threshold:0.85,activation_threshold,0.85,0.2,3,repeat_3,0.6499999999999999,1,True,1,0.85,1.0,2026-07-14T16:31:23.460161+00:00,"['activation_threshold=0.85', 'transition_success=True', 'final_activation=0.85']"
phase_i:3:activation_threshold:0.9,activation_threshold,0.9,0.2,3,repeat_3,0.7,1,True,1,0.9,1.0,2026-07-14T16:31:23.460193+00:00,"['activation_threshold=0.9', 'transition_success=True', 'final_activation=0.9']"
phase_i:3:recovery_min_evidence:1,recovery_min_evidence,1,2,3,repeat_3,1.0,1,True,1,0.8,1.0,2026-07-14T16:31:23.460299+00:00,"['recovery_min_evidence=1', 'transition_success=True', 'evidence_usage_count=1']"
phase_i:3:recovery_min_evidence:2,recovery_min_evidence,2,2,3,repeat_3,0.0,1,True,1,0.8,1.0,2026-07-14T16:31:23.460344+00:00,"['recovery_min_evidence=2', 'transition_success=True', 'evidence_usage_count=2']"
phase_i:3:recovery_min_evidence:3,recovery_min_evidence,3,2,3,repeat_3,1.0,1,True,1,0.8,1.0,2026-07-14T16:31:23.460383+00:00,"['recovery_min_evidence=3', 'transition_success=True', 'evidence_usage_count=3']"
phase_i:3:recovery_min_evidence:4,recovery_min_evidence,4,2,3,repeat_3,2.0,1,True,1,0.8,1.0,2026-07-14T16:31:23.460423+00:00,"['recovery_min_evidence=4', 'transition_success=True', 'evidence_usage_count=4']"
phase_i:3:recovery_min_evidence:5,recovery_min_evidence,5,2,3,repeat_3,3.0,1,True,1,0.8,1.0,2026-07-14T16:31:23.460461+00:00,"['recovery_min_evidence=5', 'transition_success=True', 'evidence_usage_count=5']"
phase_i:3:preserve_evidence:true,preserve_evidence,True,True,3,repeat_3,0.0,1,True,1,0.1,1.0,2026-07-14T16:31:23.460648+00:00,"['preserve_evidence=True', 'transition_success=True', 'evidence_record_count=3', 'audit_completeness_score=1.0']"
phase_i:3:preserve_evidence:false,preserve_evidence,False,True,3,repeat_3,1.0,1,True,1,0.1,1.0,2026-07-14T16:31:23.460797+00:00,"['preserve_evidence=False', 'transition_success=True', 'evidence_record_count=0', 'audit_completeness_score=0.0']"
phase_i:3:archive_relations:false,archive_relations,False,True,3,repeat_3,1.0,1,True,1,0.1,1.0,2026-07-14T16:31:23.461021+00:00,"['archive_relations=False', 'transition_success=True', 'archive_refs=0', 'conflict_verification_status=partial', 'state_transition_equivalence=True']"
phase_i:3:archive_relations:true,archive_relations,True,True,3,repeat_3,0.0,1,True,1,0.1,1.0,2026-07-14T16:31:23.461224+00:00,"['archive_relations=True', 'transition_success=True', 'archive_refs=2', 'conflict_verification_status=verified', 'state_transition_equivalence=True']"
phase_i:4:activation_threshold:0.1,activation_threshold,0.1,0.2,4,repeat_4,0.1,1,True,1,0.4,1.0,2026-07-14T16:31:23.461388+00:00,"['activation_threshold=0.1', 'transition_success=True', 'final_activation=0.4']"
phase_i:4:activation_threshold:0.15,activation_threshold,0.15,0.2,4,repeat_4,0.05000000000000002,1,True,1,0.4,1.0,2026-07-14T16:31:23.461424+00:00,"['activation_threshold=0.15', 'transition_success=True', 'final_activation=0.4']"
phase_i:4:activation_threshold:0.2,activation_threshold,0.2,0.2,4,repeat_4,0.0,1,True,1,0.4,1.0,2026-07-14T16:31:23.461458+00:00,"['activation_threshold=0.2', 'transition_success=True', 'final_activation=0.4']"
phase_i:4:activation_threshold:0.25,activation_threshold,0.25,0.2,4,repeat_4,0.04999999999999999,1,True,1,0.4,1.0,2026-07-14T16:31:23.461489+00:00,"['activation_threshold=0.25', 'transition_success=True', 'final_activation=0.4']"
phase_i:4:activation_threshold:0.3,activation_threshold,0.3,0.2,4,repeat_4,0.09999999999999998,1,True,1,0.4,1.0,2026-07-14T16:31:23.461521+00:00,"['activation_threshold=0.3', 'transition_success=True', 'final_activation=0.4']"
phase_i:4:activation_threshold:0.35,activation_threshold,0.35,0.2,4,repeat_4,0.14999999999999997,1,True,1,0.4,1.0,2026-07-14T16:31:23.461553+00:00,"['activation_threshold=0.35', 'transition_success=True', 'final_activation=0.4']"
phase_i:4:activation_threshold:0.4,activation_threshold,0.4,0.2,4,repeat_4,0.2,1,True,1,0.4,1.0,2026-07-14T16:31:23.461585+00:00,"['activation_threshold=0.4', 'transition_success=True', 'final_activation=0.4']"
phase_i:4:activation_threshold:0.45,activation_threshold,0.45,0.2,4,repeat_4,0.25,1,True,1,0.45,1.0,2026-07-14T16:31:23.461618+00:00,"['activation_threshold=0.45', 'transition_success=True', 'final_activation=0.45']"
phase_i:4:activation_threshold:0.5,activation_threshold,0.5,0.2,4,repeat_4,0.3,1,True,1,0.5,1.0,2026-07-14T16:31:23.461651+00:00,"['activation_threshold=0.5', 'transition_success=True', 'final_activation=0.5']"
phase_i:4:activation_threshold:0.55,activation_threshold,0.55,0.2,4,repeat_4,0.35000000000000003,1,True,1,0.55,1.0,2026-07-14T16:31:23.461683+00:00,"['activation_threshold=0.55', 'transition_success=True', 'final_activation=0.55']"
phase_i:4:activation_threshold:0.6,activation_threshold,0.6,0.2,4,repeat_4,0.39999999999999997,1,True,1,0.6,1.0,2026-07-14T16:31:23.461714+00:00,"['activation_threshold=0.6', 'transition_success=True', 'final_activation=0.6']"
phase_i:4:activation_threshold:0.65,activation_threshold,0.65,0.2,4,repeat_4,0.45,1,True,1,0.65,1.0,2026-07-14T16:31:23.461746+00:00,"['activation_threshold=0.65', 'transition_success=True', 'final_activation=0.65']"
phase_i:4:activation_threshold:0.7,activation_threshold,0.7,0.2,4,repeat_4,0.49999999999999994,1,True,1,0.7,1.0,2026-07-14T16:31:23.461777+00:00,"['activation_threshold=0.7', 'transition_success=True', 'final_activation=0.7']"
phase_i:4:activation_threshold:0.75,activation_threshold,0.75,0.2,4,repeat_4,0.55,1,True,1,0.75,1.0,2026-07-14T16:31:23.461808+00:00,"['activation_threshold=0.75', 'transition_success=True', 'final_activation=0.75']"
phase_i:4:activation_threshold:0.8,activation_threshold,0.8,0.2,4,repeat_4,0.6000000000000001,1,True,1,0.8,1.0,2026-07-14T16:31:23.461839+00:00,"['activation_threshold=0.8', 'transition_success=True', 'final_activation=0.8']"
phase_i:4:activation_threshold:0.85,activation_threshold,0.85,0.2,4,repeat_4,0.6499999999999999,1,True,1,0.85,1.0,2026-07-14T16:31:23.461870+00:00,"['activation_threshold=0.85', 'transition_success=True', 'final_activation=0.85']"
phase_i:4:activation_threshold:0.9,activation_threshold,0.9,0.2,4,repeat_4,0.7,1,True,1,0.9,1.0,2026-07-14T16:31:23.461900+00:00,"['activation_threshold=0.9', 'transition_success=True', 'final_activation=0.9']"
phase_i:4:recovery_min_evidence:1,recovery_min_evidence,1,2,4,repeat_4,1.0,1,True,1,0.8,1.0,2026-07-14T16:31:23.462005+00:00,"['recovery_min_evidence=1', 'transition_success=True', 'evidence_usage_count=1']"
phase_i:4:recovery_min_evidence:2,recovery_min_evidence,2,2,4,repeat_4,0.0,1,True,1,0.8,1.0,2026-07-14T16:31:23.462048+00:00,"['recovery_min_evidence=2', 'transition_success=True', 'evidence_usage_count=2']"
phase_i:4:recovery_min_evidence:3,recovery_min_evidence,3,2,4,repeat_4,1.0,1,True,1,0.8,1.0,2026-07-14T16:31:23.462088+00:00,"['recovery_min_evidence=3', 'transition_success=True', 'evidence_usage_count=3']"
phase_i:4:recovery_min_evidence:4,recovery_min_evidence,4,2,4,repeat_4,2.0,1,True,1,0.8,1.0,2026-07-14T16:31:23.462127+00:00,"['recovery_min_evidence=4', 'transition_success=True', 'evidence_usage_count=4']"
phase_i:4:recovery_min_evidence:5,recovery_min_evidence,5,2,4,repeat_4,3.0,1,True,1,0.8,1.0,2026-07-14T16:31:23.462166+00:00,"['recovery_min_evidence=5', 'transition_success=True', 'evidence_usage_count=5']"
phase_i:4:preserve_evidence:true,preserve_evidence,True,True,4,repeat_4,0.0,1,True,1,0.1,1.0,2026-07-14T16:31:23.462344+00:00,"['preserve_evidence=True', 'transition_success=True', 'evidence_record_count=3', 'audit_completeness_score=1.0']"
phase_i:4:preserve_evidence:false,preserve_evidence,False,True,4,repeat_4,1.0,1,True,1,0.1,1.0,2026-07-14T16:31:23.462500+00:00,"['preserve_evidence=False', 'transition_success=True', 'evidence_record_count=0', 'audit_completeness_score=0.0']"
phase_i:4:archive_relations:false,archive_relations,False,True,4,repeat_4,1.0,1,True,1,0.1,1.0,2026-07-14T16:31:23.462717+00:00,"['archive_relations=False', 'transition_success=True', 'archive_refs=0', 'conflict_verification_status=partial', 'state_transition_equivalence=True']"
phase_i:4:archive_relations:true,archive_relations,True,True,4,repeat_4,0.0,1,True,1,0.1,1.0,2026-07-14T16:31:23.462928+00:00,"['archive_relations=True', 'transition_success=True', 'archive_refs=2', 'conflict_verification_status=verified', 'state_transition_equivalence=True']"
phase_i:5:activation_threshold:0.1,activation_threshold,0.1,0.2,5,repeat_5,0.1,1,True,1,0.4,1.0,2026-07-14T16:31:23.463090+00:00,"['activation_threshold=0.1', 'transition_success=True', 'final_activation=0.4']"
phase_i:5:activation_threshold:0.15,activation_threshold,0.15,0.2,5,repeat_5,0.05000000000000002,1,True,1,0.4,1.0,2026-07-14T16:31:23.463127+00:00,"['activation_threshold=0.15', 'transition_success=True', 'final_activation=0.4']"
phase_i:5:activation_threshold:0.2,activation_threshold,0.2,0.2,5,repeat_5,0.0,1,True,1,0.4,1.0,2026-07-14T16:31:23.463160+00:00,"['activation_threshold=0.2', 'transition_success=True', 'final_activation=0.4']"
phase_i:5:activation_threshold:0.25,activation_threshold,0.25,0.2,5,repeat_5,0.04999999999999999,1,True,1,0.4,1.0,2026-07-14T16:31:23.463192+00:00,"['activation_threshold=0.25', 'transition_success=True', 'final_activation=0.4']"
phase_i:5:activation_threshold:0.3,activation_threshold,0.3,0.2,5,repeat_5,0.09999999999999998,1,True,1,0.4,1.0,2026-07-14T16:31:23.463224+00:00,"['activation_threshold=0.3', 'transition_success=True', 'final_activation=0.4']"
phase_i:5:activation_threshold:0.35,activation_threshold,0.35,0.2,5,repeat_5,0.14999999999999997,1,True,1,0.4,1.0,2026-07-14T16:31:23.463255+00:00,"['activation_threshold=0.35', 'transition_success=True', 'final_activation=0.4']"
phase_i:5:activation_threshold:0.4,activation_threshold,0.4,0.2,5,repeat_5,0.2,1,True,1,0.4,1.0,2026-07-14T16:31:23.463287+00:00,"['activation_threshold=0.4', 'transition_success=True', 'final_activation=0.4']"
phase_i:5:activation_threshold:0.45,activation_threshold,0.45,0.2,5,repeat_5,0.25,1,True,1,0.45,1.0,2026-07-14T16:31:23.463318+00:00,"['activation_threshold=0.45', 'transition_success=True', 'final_activation=0.45']"
phase_i:5:activation_threshold:0.5,activation_threshold,0.5,0.2,5,repeat_5,0.3,1,True,1,0.5,1.0,2026-07-14T16:31:23.463349+00:00,"['activation_threshold=0.5', 'transition_success=True', 'final_activation=0.5']"
phase_i:5:activation_threshold:0.55,activation_threshold,0.55,0.2,5,repeat_5,0.35000000000000003,1,True,1,0.55,1.0,2026-07-14T16:31:23.463381+00:00,"['activation_threshold=0.55', 'transition_success=True', 'final_activation=0.55']"
phase_i:5:activation_threshold:0.6,activation_threshold,0.6,0.2,5,repeat_5,0.39999999999999997,1,True,1,0.6,1.0,2026-07-14T16:31:23.463411+00:00,"['activation_threshold=0.6', 'transition_success=True', 'final_activation=0.6']"
phase_i:5:activation_threshold:0.65,activation_threshold,0.65,0.2,5,repeat_5,0.45,1,True,1,0.65,1.0,2026-07-14T16:31:23.463441+00:00,"['activation_threshold=0.65', 'transition_success=True', 'final_activation=0.65']"
phase_i:5:activation_threshold:0.7,activation_threshold,0.7,0.2,5,repeat_5,0.49999999999999994,1,True,1,0.7,1.0,2026-07-14T16:31:23.463472+00:00,"['activation_threshold=0.7', 'transition_success=True', 'final_activation=0.7']"
phase_i:5:activation_threshold:0.75,activation_threshold,0.75,0.2,5,repeat_5,0.55,1,True,1,0.75,1.0,2026-07-14T16:31:23.463502+00:00,"['activation_threshold=0.75', 'transition_success=True', 'final_activation=0.75']"
phase_i:5:activation_threshold:0.8,activation_threshold,0.8,0.2,5,repeat_5,0.6000000000000001,1,True,1,0.8,1.0,2026-07-14T16:31:23.463532+00:00,"['activation_threshold=0.8', 'transition_success=True', 'final_activation=0.8']"
phase_i:5:activation_threshold:0.85,activation_threshold,0.85,0.2,5,repeat_5,0.6499999999999999,1,True,1,0.85,1.0,2026-07-14T16:31:23.463563+00:00,"['activation_threshold=0.85', 'transition_success=True', 'final_activation=0.85']"
phase_i:5:activation_threshold:0.9,activation_threshold,0.9,0.2,5,repeat_5,0.7,1,True,1,0.9,1.0,2026-07-14T16:31:23.463594+00:00,"['activation_threshold=0.9', 'transition_success=True', 'final_activation=0.9']"
phase_i:5:recovery_min_evidence:1,recovery_min_evidence,1,2,5,repeat_5,1.0,1,True,1,0.8,1.0,2026-07-14T16:31:23.463701+00:00,"['recovery_min_evidence=1', 'transition_success=True', 'evidence_usage_count=1']"
phase_i:5:recovery_min_evidence:2,recovery_min_evidence,2,2,5,repeat_5,0.0,1,True,1,0.8,1.0,2026-07-14T16:31:23.463746+00:00,"['recovery_min_evidence=2', 'transition_success=True', 'evidence_usage_count=2']"
phase_i:5:recovery_min_evidence:3,recovery_min_evidence,3,2,5,repeat_5,1.0,1,True,1,0.8,1.0,2026-07-14T16:31:23.463785+00:00,"['recovery_min_evidence=3', 'transition_success=True', 'evidence_usage_count=3']"
phase_i:5:recovery_min_evidence:4,recovery_min_evidence,4,2,5,repeat_5,2.0,1,True,1,0.8,1.0,2026-07-14T16:31:23.463824+00:00,"['recovery_min_evidence=4', 'transition_success=True', 'evidence_usage_count=4']"
phase_i:5:recovery_min_evidence:5,recovery_min_evidence,5,2,5,repeat_5,3.0,1,True,1,0.8,1.0,2026-07-14T16:31:23.463862+00:00,"['recovery_min_evidence=5', 'transition_success=True', 'evidence_usage_count=5']"
phase_i:5:preserve_evidence:true,preserve_evidence,True,True,5,repeat_5,0.0,1,True,1,0.1,1.0,2026-07-14T16:31:23.464042+00:00,"['preserve_evidence=True', 'transition_success=True', 'evidence_record_count=3', 'audit_completeness_score=1.0']"
phase_i:5:preserve_evidence:false,preserve_evidence,False,True,5,repeat_5,1.0,1,True,1,0.1,1.0,2026-07-14T16:31:23.464188+00:00,"['preserve_evidence=False', 'transition_success=True', 'evidence_record_count=0', 'audit_completeness_score=0.0']"
phase_i:5:archive_relations:false,archive_relations,False,True,5,repeat_5,1.0,1,True,1,0.1,1.0,2026-07-14T16:31:23.464406+00:00,"['archive_relations=False', 'transition_success=True', 'archive_refs=0', 'conflict_verification_status=partial', 'state_transition_equivalence=True']"
phase_i:5:archive_relations:true,archive_relations,True,True,5,repeat_5,0.0,1,True,1,0.1,1.0,2026-07-14T16:31:23.464613+00:00,"['archive_relations=True', 'transition_success=True', 'archive_refs=2', 'conflict_verification_status=verified', 'state_transition_equivalence=True']"
